{"train losses": [19.11870069503784, 16.413931798934936, 14.244620513916015, 12.635013198852539, 11.36250605583191, 10.428522300720214, 9.961396718025208, 9.614537644386292, 9.385948014259338, 9.224993550777436, 9.226850533485413, 8.95787696838379, 8.620236706733703, 8.78060450553894, 8.391216373443603, 8.509935081005096, 8.080176162719727, 8.279693222045898, 7.951015901565552, 8.115595877170563, 7.54916615486145, 7.635331320762634, 7.693552923202515, 7.356319773197174, 7.756960260868072, 7.0951247215271, 7.230854964256286, 7.217058181762695, 6.9604905128479, 6.990518009662628], "valid losses": [12.706077893575033, 11.148066838582357, 9.97788111368815, 9.135373751322428, 8.536343892415365, 8.271439870198568, 8.151551564534506, 8.136735757191977, 8.182143529256185, 8.277404944101969, 8.144944508870443, 8.151432037353516, 8.214449405670166, 8.111863454182943, 7.968509038289388, 8.024653752644857, 8.04804023106893, 8.195596059163412, 8.231965700785318, 8.175960858662924, 8.128202120463053, 8.08633279800415, 8.109522501627604, 8.19739325841268, 8.109359900156656, 8.208661556243896, 8.151939392089844, 8.332642396291098, 8.29392671585083, 8.368316332499186]}