{"train losses": [20.92644681930542, 19.50660514831543, 18.409264373779298, 17.481848001480103, 16.77009735107422, 15.942104625701905, 15.367527437210082, 14.924420022964478, 14.305670833587646, 14.090028285980225, 13.560949563980103, 13.443626856803894, 13.221789264678955, 13.084181880950927, 12.639699161052704, 13.129582238197326, 12.92352876663208, 12.689085769653321, 12.488595485687256, 12.662178564071656, 12.87873067855835, 12.60899121761322, 12.124805092811584, 12.3057195186615, 12.65425808429718, 12.658896923065186, 12.573937177658081, 12.657204103469848, 12.365743517875671, 12.663957452774047], "valid losses": [14.266618092854818, 13.394943555196127, 12.624809265136719, 11.950451215108236, 11.368450482686361, 10.869656562805176, 10.44723653793335, 10.092442830403646, 9.798483848571777, 9.550374031066895, 9.345405578613281, 9.179079055786133, 9.041905244191488, 8.9269806543986, 8.832787354787191, 8.762197494506836, 8.700242360432943, 8.650749842325846, 8.60767157872518, 8.575265248616537, 8.546011447906494, 8.524276733398438, 8.506512641906738, 8.494007269541422, 8.480219523111979, 8.467722256978353, 8.458150863647461, 8.444927533467611, 8.437592347462973, 8.429802258809408]}