{"train losses": [19.761957931518555, 17.478651237487792, 15.859865665435791, 14.5979483127594, 12.730901956558228, 11.788352537155152, 11.006842947006225, 10.534386396408081, 10.214413166046143, 9.855791008472442, 9.67301893234253, 9.405941033363343, 9.297985172271728, 9.58255410194397, 9.27242112159729, 8.857566356658936, 9.005504202842712, 8.589075255393983, 8.520800364017486, 8.411312222480774, 8.463557457923889, 8.196743893623353, 8.13226580619812, 8.291149473190307, 7.860603713989258, 7.986245131492614, 8.303805065155029, 7.732365894317627, 7.794317841529846, 7.551033449172974], "valid losses": [13.186819712320963, 11.837060451507568, 10.69698969523112, 9.75927766164144, 8.99437395731608, 8.4972931543986, 8.236190954844156, 8.153214613596598, 8.062478383382162, 8.00546646118164, 7.939942836761475, 7.8415069580078125, 7.831199645996094, 7.815400759379069, 7.718040307362874, 7.694339434305827, 7.789420445760091, 7.75316858291626, 7.764535586039226, 7.745680173238118, 7.708016872406006, 7.712699095408122, 7.738100051879883, 7.768073717753093, 7.6830153465271, 7.681963125864665, 7.7260637283325195, 7.804373105367024, 7.742635567982991, 7.708784580230713]}