{"train losses": [16.772811126708984, 14.794528722763062, 13.02759108543396, 11.68477156162262, 10.87964596748352, 10.12247200012207, 9.653081607818603, 9.455197024345399, 9.24364893436432, 9.030376386642455, 8.955363750457764, 9.036524939537049, 9.062846803665161, 8.940720129013062, 8.95295009613037, 8.999700427055359, 9.039108538627625, 8.940926384925842, 8.970783758163453, 8.895464110374451, 8.959319925308227, 8.999431312084198, 8.941279768943787, 8.93293628692627, 8.99478701353073, 8.865810823440551, 9.041305303573608, 8.938461816310882, 8.860226726531982, 8.848850870132447], "valid losses": [11.737839380900065, 10.175867716471354, 8.951948801676432, 8.048445383707682, 7.4051469167073565, 6.974983374277751, 6.701396306355794, 6.53342851003011, 6.437627871831258, 6.386236826578776, 6.356841643651326, 6.340800444285075, 6.32845401763916, 6.319565614064534, 6.306842009226481, 6.295461495717366, 6.280816634496053, 6.268336216608684, 6.260132948557536, 6.248949607213338, 6.239283164342244, 6.226571877797444, 6.218112468719482, 6.210130929946899, 6.204942226409912, 6.198101043701172, 6.192400376001994, 6.186946551005046, 6.181824207305908, 6.175937016805013]}