{"train losses": [18.479006576538087, 16.604876899719237, 15.005469179153442, 13.5229257106781, 12.064692401885987, 10.850210046768188, 9.895357131958008, 9.252794706821442, 9.134490728378296, 8.739357352256775, 8.619683134555817, 8.235924243927002, 8.234366178512573, 8.003286600112915, 8.013753652572632, 7.943084955215454, 7.683632135391235, 7.541848039627075, 7.443469274044037, 7.1843252062797545, 7.407541942596436, 7.214227938652039, 7.2370103120803835, 7.101382851600647, 6.787860608100891, 7.12327231168747, 6.9969162225723265, 6.709867095947265, 6.638839912414551, 6.669862747192383], "valid losses": [12.489486376444498, 11.236090501149496, 10.23486359914144, 9.407170295715332, 8.675378004709879, 8.173223177591959, 7.915265083312988, 7.860184987386067, 7.840944131215413, 7.72861925760905, 7.615405559539795, 7.535719235738118, 7.461927731831868, 7.405827045440674, 7.3465650876363116, 7.334143320719401, 7.3317538897196455, 7.2971774737040205, 7.303392092386882, 7.275912920633952, 7.256773630777995, 7.2125552495320635, 7.212418397267659, 7.204426924387614, 7.262584050496419, 7.239705880482991, 7.2724982897440595, 7.187450567881267, 7.216204325358073, 7.254503091176351]}