{"train losses": [17.439840364456177, 14.688834834098817, 12.392764043807983, 10.7049635887146, 9.96391212940216, 9.213387942314148, 8.70662455558777, 8.353115487098695, 8.109029364585876, 8.203247487545013, 7.730733728408813, 7.626900267601013, 7.5429819345474245, 7.5255818367004395, 7.598444128036499, 7.914418721199036, 7.00239794254303, 7.204730653762818, 7.138445568084717, 6.9768468856811525, 6.8594876527786255, 7.095125377178192, 6.904558801651001, 6.96967761516571, 6.708974182605743, 6.486463832855224, 6.814587867259979, 6.675776147842408, 6.334679186344147, 6.398279392719269], "valid losses": [11.34215227762858, 9.724973678588867, 8.63771915435791, 7.841347376505534, 7.309478759765625, 7.054094950358073, 6.9228668212890625, 6.881910800933838, 6.8277519543965655, 6.818463484446208, 6.7531196276346845, 6.71329132715861, 6.648587067921956, 6.676568826039632, 6.699670950571696, 6.6464816729227705, 6.661218961079915, 6.663190205891927, 6.628737290700276, 6.648680210113525, 6.669444402058919, 6.6606801350911455, 6.677679697672526, 6.678661823272705, 6.666660149892171, 6.660924593607585, 6.577408154805501, 6.584176381429036, 6.648034890492757, 6.620349725087483]}