{"train losses": [20.193838024139403, 18.959541034698486, 17.772677898406982, 16.859044456481932, 16.16666736602783, 15.19388132095337, 14.67103590965271, 14.156280899047852, 13.81321449279785, 13.430636978149414, 13.017131662368774, 12.772850513458252, 12.56225233078003, 12.518347239494323, 12.291744089126587, 12.162215948104858, 12.290864181518554, 12.064324426651002, 12.022298574447632, 11.91628165245056, 12.137430953979493, 11.986605834960937, 12.024311399459839, 12.000413131713866, 12.04065923690796, 11.995455610752106, 11.882170557975769, 11.911819219589233, 12.02078402042389, 12.140296792984008], "valid losses": [14.236397425333658, 13.27028719584147, 12.417979876200357, 11.675333340962728, 11.040147463480631, 10.50165843963623, 10.054056803385416, 9.68456236521403, 9.385756810506185, 9.148118019104004, 8.962422370910645, 8.82107671101888, 8.713102658589682, 8.634679317474365, 8.580621719360352, 8.545252641042074, 8.523279666900635, 8.511911392211914, 8.504345099131266, 8.502580483754477, 8.507299582163492, 8.510775407155355, 8.516910870869955, 8.52130921681722, 8.522294680277506, 8.524027506510416, 8.525431156158447, 8.525154749552408, 8.526666164398193, 8.524955749511719]}