{"train losses": [17.474449348449706, 16.372534561157227, 15.431611108779908, 14.677800369262695, 13.819024562835693, 13.327225279808044, 12.791169166564941, 12.267532348632812, 11.717264795303345, 11.463941669464111, 11.074672222137451, 10.814891672134399, 10.520886945724488, 10.423012948036193, 10.207920026779174, 10.03317289352417, 9.85525131225586, 9.796885299682618, 9.553578615188599, 9.486841714382171, 9.520977425575257, 9.370251441001892, 9.342114043235778, 9.350837230682373, 9.28784008026123, 9.204568803310394, 9.175127077102662, 9.401980090141297, 9.152322340011597, 9.273109221458435], "valid losses": [12.576970736185709, 11.772707144419352, 11.051441192626953, 10.407354831695557, 9.836569468180338, 9.336454073588053, 8.895343780517578, 8.506927172342936, 8.16935666402181, 7.872653007507324, 7.608089129130046, 7.383830388387044, 7.191427707672119, 7.024229367574056, 6.885521252950032, 6.7698367436726885, 6.67440938949585, 6.596799532572429, 6.535994211832683, 6.4859364827473955, 6.444974263509114, 6.416181882222493, 6.392941792805989, 6.375064770380656, 6.362336317698161, 6.351926326751709, 6.345022281010945, 6.339778582255046, 6.3342820803324384, 6.334492206573486]}