{"train losses": [20.394378471374512, 17.92793998718262, 16.213110065460206, 14.963949918746948, 13.28078260421753, 12.109974765777588, 11.303852891921997, 10.32068965435028, 9.778631114959717, 10.122379612922668, 9.57210397720337, 9.607641446590424, 9.14138765335083, 8.95854231119156, 8.71148442029953, 8.748530292510987, 8.552963542938233, 8.597602140903472, 8.251183271408081, 8.163647985458374, 8.12681074142456, 8.01781451702118, 7.7338074207305905, 7.6618023872375485, 7.755393826961518, 7.531387901306152, 7.515557169914246, 7.28370053768158, 7.37008810043335, 7.326515090465546], "valid losses": [13.353316942850748, 12.293167432149252, 11.425368626912435, 10.670721213022867, 9.985068957010904, 9.385063489278158, 8.913897196451822, 8.606853802998861, 8.433773676554361, 8.31114673614502, 8.211479187011719, 8.124320824941, 8.050280253092447, 7.961887200673421, 7.9327162106831866, 7.881743748982747, 7.831316947937012, 7.785305500030518, 7.731079737345378, 7.7368083000183105, 7.687288125356038, 7.671759605407715, 7.657520135243733, 7.653487205505371, 7.63910452524821, 7.655131181081136, 7.665398915608724, 7.696932156880696, 7.655091444651286, 7.678373018900554]}