{"train losses": [20.73820514678955, 17.947128105163575, 15.573701620101929, 14.129626703262328, 12.892466688156128, 11.895128679275512, 11.097857809066772, 10.867257523536683, 10.383463442325592, 10.001172947883607, 10.095034122467041, 9.543520379066468, 9.294414043426514, 9.326984453201295, 9.328834748268127, 9.453405332565307, 8.618052554130553, 9.498616886138915, 8.725748348236085, 8.389939868450165, 8.255331182479859, 8.366983604431152, 8.01315279006958, 8.11131501197815, 8.142539644241333, 7.841321229934692, 7.754463708400726, 7.562647545337677, 7.222100687026978, 7.204997563362122], "valid losses": [13.481723149617514, 12.017950057983398, 10.92308235168457, 10.05775785446167, 9.37065855662028, 8.9602263768514, 8.765657424926758, 8.690109570821127, 8.608768463134766, 8.554785887400309, 8.511045773824057, 8.515787283579508, 8.480605761210123, 8.485702514648438, 8.492599805196127, 8.438618818918863, 8.417550404866537, 8.407122294108072, 8.487205823262533, 8.49411392211914, 8.435014406840006, 8.35539182027181, 8.386340141296387, 8.369794686635336, 8.40678850809733, 8.43477471669515, 8.308031876881918, 8.290892918904623, 8.327233473459879, 8.37959877649943]}