{"train losses": [18.042035579681396, 16.271930360794066, 14.484485769271851, 12.55631628036499, 10.778674530982972, 9.724769115447998, 9.127645826339721, 8.869706392288208, 8.750018787384032, 8.225320410728454, 7.978443598747253, 7.9895706415176395, 8.061692023277283, 7.815824341773987, 7.5343041777610775, 7.708388328552246, 7.367661857604981, 7.203467309474945, 7.220876669883728, 6.993377208709717, 7.011653780937195, 6.7012949824333194, 6.5933850646018985, 6.356512236595154, 6.56416072845459, 6.421146512031555, 6.3691596508026125, 6.042358827590943, 5.941684722900391, 6.0411940813064575], "valid losses": [12.040580113728842, 10.840684413909912, 9.73175303141276, 8.775341351826986, 8.112855116526285, 7.87338129679362, 7.6098856925964355, 7.33761469523112, 7.208383083343506, 7.1797254880269366, 7.084236145019531, 6.979982058207194, 6.991981506347656, 6.9708482424418134, 6.954321225484212, 6.970546404520671, 6.961748123168945, 7.000921249389648, 6.944283644358317, 6.976832389831543, 6.94104798634847, 6.896959622701009, 6.999358018239339, 6.856301625569661, 6.926174163818359, 6.882225672403972, 6.981581528981526, 7.024462699890137, 6.942196846008301, 7.047476132710774]}