{"train losses": [15.614726257324218, 14.63299493789673, 13.472883534431457, 12.397198367118836, 11.511387538909911, 10.868040823936463, 10.16029634475708, 9.666583609580993, 9.331318902969361, 9.033102929592133, 8.751640248298646, 8.420415806770325, 8.393216228485107, 8.047462809085847, 8.003181409835815, 7.911514854431152, 7.933475112915039, 7.778624868392944, 7.841516494750977, 7.869666659832001, 7.75286773443222, 7.723821902275086, 7.75782732963562, 7.628960013389587, 7.6427093029022215, 7.710124206542969, 7.549206864833832, 7.560617232322693, 7.676669621467591, 7.687443685531616], "valid losses": [11.178579807281494, 10.178732872009277, 9.298027038574219, 8.543921947479248, 7.902448654174805, 7.367708841959636, 6.924570560455322, 6.56328026453654, 6.275116602579753, 6.0490492184956866, 5.87687889734904, 5.747803767522176, 5.650800943374634, 5.583998362223308, 5.5401333173116045, 5.511205196380615, 5.493858178456624, 5.484368483225505, 5.480662663777669, 5.481911102930705, 5.483583132425944, 5.486913839975993, 5.492773612340291, 5.496584256490071, 5.498636245727539, 5.50077756245931, 5.503002405166626, 5.50746472676595, 5.512158552805583, 5.515438079833984]}