{"train losses": [21.193029975891115, 18.814644289016723, 16.83002300262451, 15.239039301872253, 13.785396242141724, 12.372220611572265, 11.540256333351135, 10.93798542022705, 10.68198561668396, 10.633507347106933, 10.3457026720047, 9.972236347198486, 10.224357080459594, 10.363763618469239, 9.688663029670716, 9.72006027698517, 9.578657531738282, 9.51498441696167, 9.254722619056702, 9.223893284797668, 8.89104905128479, 9.089948606491088, 8.601430964469909, 8.775594091415405, 8.704545080661774, 8.45701961517334, 8.637679600715638, 8.384698224067687, 8.146298503875732, 8.039585661888122], "valid losses": [13.665130615234375, 12.158079465230307, 10.922034740447998, 9.906935532887777, 9.101426760355631, 8.482712427775065, 8.151747226715088, 8.020171324412027, 7.9908073743184405, 7.948659737904866, 7.931958834330241, 7.886914412180583, 7.814136823018392, 7.8102108637491865, 7.797971725463867, 7.83383051554362, 7.851177215576172, 7.856291611989339, 7.846907615661621, 7.840673923492432, 7.804830869038899, 7.79965353012085, 7.811623573303223, 7.798783302307129, 7.799983660380046, 7.8541646003723145, 7.820741176605225, 7.845257600148519, 7.824395497639974, 7.850290139516194]}