{"train losses": [20.115626525878906, 17.884776878356934, 16.090990710258485, 14.478163576126098, 13.363265752792358, 12.035123300552367, 10.98035216331482, 10.406844472885131, 9.717667531967162, 9.680675601959228, 9.291066694259644, 9.503177571296693, 8.912629127502441, 8.829563820362091, 8.794459700584412, 8.942207169532775, 8.448692226409912, 8.418285679817199, 8.107849764823914, 8.189449334144593, 7.883924055099487, 8.204660987854004, 7.885485649108887, 8.328940629959106, 7.920514321327209, 7.7582967519760135, 7.342453289031982, 7.474246692657471, 7.557937717437744, 7.490583574771881], "valid losses": [13.365969975789389, 12.321660995483398, 11.441404024759928, 10.679957230885824, 9.962348461151123, 9.35268497467041, 8.881188233693441, 8.551570733388266, 8.381460507710775, 8.258367856343588, 8.18372901280721, 8.132413228352865, 8.060841878255209, 7.96743377049764, 7.910437266031901, 7.869887193044026, 7.871178944905599, 7.797102928161621, 7.786629358927409, 7.758782068888347, 7.756141980489095, 7.7594313621521, 7.735414505004883, 7.700937747955322, 7.757085959116618, 7.76116402943929, 7.742053031921387, 7.7165101369222, 7.79508622487386, 7.772848447163899]}