{"train losses": [19.82307548522949, 17.64133529663086, 15.797710132598876, 14.059587335586547, 12.618675470352173, 11.107818531990052, 10.260262298583985, 9.867372953891755, 9.42716166973114, 9.363566708564758, 9.192991304397584, 8.979156363010407, 8.845165872573853, 8.796312761306762, 8.775622379779815, 8.260914087295532, 8.279535341262818, 8.055692172050476, 8.007111024856567, 8.314463543891907, 7.9430906772613525, 8.02306045293808, 7.525897073745727, 7.645509791374207, 7.713347101211548, 7.333198356628418, 7.144081854820252, 7.418127107620239, 7.06965811252594, 7.561663222312927], "valid losses": [13.65554936726888, 12.438815434773764, 11.31758181254069, 10.339557011922201, 9.367422898610434, 8.664735476175943, 8.246376991271973, 8.230799833933512, 8.146829764048258, 8.13282553354899, 8.020818392435709, 8.167280038197836, 8.065877914428711, 8.061588605244955, 8.027912775675455, 8.032534122467041, 8.034023443857828, 8.031943321228027, 8.177160263061523, 7.98469877243042, 8.068212191263834, 7.972818374633789, 8.13658618927002, 8.26052459081014, 8.252020041147867, 8.12665875752767, 8.023221810658773, 8.360414187113443, 8.306463877360025, 7.89151652654012]}