{"train losses": [19.115902996063234, 17.226013278961183, 15.384516620635987, 14.04746322631836, 12.3183119058609, 10.847785687446594, 9.766798543930054, 9.068219578266143, 8.967769885063172, 8.606739950180053, 8.401196765899659, 8.319560647010803, 8.153849673271178, 8.147680008411408, 8.146578431129456, 7.882285690307617, 7.622747802734375, 7.5790442943573, 7.444235372543335, 7.532564175128937, 7.125449371337891, 7.633671057224274, 6.962337291240692, 7.029253733158112, 7.069637060165405, 6.830273938179016, 6.610833156108856, 6.805679225921631, 6.90858017206192, 6.502187967300415], "valid losses": [12.928861618041992, 11.730511665344238, 10.724828720092773, 9.923852125803629, 9.108760674794516, 8.4654860496521, 8.128268718719482, 8.05666414896647, 7.932936509450276, 7.891851743062337, 7.810891787211101, 7.833677609761556, 7.796291510264079, 7.913193543752034, 7.476069609324138, 7.409329891204834, 7.508827845255534, 7.634785175323486, 7.691310882568359, 7.518153826395671, 7.421298027038574, 7.614048798878987, 7.605391661326091, 7.569954872131348, 7.392096042633057, 7.559754848480225, 7.578114032745361, 7.526957988739014, 7.368424256642659, 7.3239264488220215]}