{"train losses": [17.29382667541504, 14.43119502067566, 12.439143943786622, 10.765608072280884, 9.717317199707031, 9.036223196983338, 8.742614245414734, 8.311521768569946, 8.434972631931306, 7.826467740535736, 7.721650528907776, 7.575536894798279, 7.2740602850914, 7.5967631340026855, 7.408833694458008, 7.210294628143311, 7.288757419586181, 7.197740912437439, 7.096623039245605, 7.059317111968994, 6.861403322219848, 6.9841661810874935, 6.7873583197593685, 6.637528419494629, 6.927764534950256, 6.5563982963562015, 6.5772911548614506, 6.636286997795105, 6.354358863830567, 6.235728847980499], "valid losses": [11.374826113382975, 9.757772127787272, 8.68117618560791, 7.898428599039714, 7.36798890431722, 7.100065390268962, 6.961670875549316, 6.89206584294637, 6.807699680328369, 6.802092711130778, 6.759793917338054, 6.738989353179932, 6.737445990244548, 6.706857204437256, 6.648268222808838, 6.642523129781087, 6.631674925486247, 6.672342777252197, 6.676256815592448, 6.626331647237142, 6.569986343383789, 6.538466453552246, 6.542379697163899, 6.5681986808776855, 6.591309070587158, 6.60309632619222, 6.618220806121826, 6.59843095143636, 6.550218900044759, 6.5734225908915205]}