{"train losses": [22.144521951675415, 20.022899007797243, 18.128343963623045, 16.556144523620606, 14.897016525268555, 13.014824056625367, 12.03395574092865, 11.441051125526428, 10.9208167552948, 10.607930064201355, 10.339912796020508, 10.43181664943695, 10.260663914680482, 9.910326433181762, 9.892726588249207, 9.852570343017579, 9.910980606079102, 9.483742117881775, 9.650540828704834, 9.274402630329131, 9.41897873878479, 9.026750695705413, 8.764949345588684, 8.86750545501709, 8.71743197441101, 8.604857170581818, 8.639584684371949, 8.393969798088074, 8.506686854362489, 8.386155915260314], "valid losses": [14.488472938537598, 13.25371265411377, 12.121695200602213, 11.095511754353842, 10.140279134114584, 9.4347136815389, 9.081524531046549, 9.043297290802002, 8.915586630503336, 8.875477155049643, 8.835094451904297, 8.593580881754557, 8.549771149953207, 8.592865467071533, 8.596099694569906, 8.52438465754191, 8.490368207295736, 8.472864151000977, 8.499382654825846, 8.518978118896484, 8.563116550445557, 8.440698464711508, 8.309465249379477, 8.405930201212565, 8.386716524759928, 8.281657854715982, 8.271037260691324, 8.398098309834799, 8.280417601267496, 8.232618649800619]}