{"train losses": [21.1392680644989, 18.821671581268312, 16.90260601043701, 15.192649316787719, 13.776163172721862, 12.320087814331055, 11.533238554000855, 11.07333345413208, 10.710964012145997, 10.662986063957215, 10.399469208717345, 10.246864843368531, 10.245997333526612, 10.051405429840088, 9.652708959579467, 9.4549072265625, 9.463931238651275, 9.572643566131593, 9.496284794807433, 9.490502166748048, 9.297948026657105, 8.956578087806701, 8.786300325393677, 8.913472557067871, 8.680380809307099, 8.615204524993896, 8.530711317062378, 8.77474604845047, 8.159380388259887, 8.086294674873352], "valid losses": [13.675512313842773, 12.201117038726807, 10.962190310160318, 9.955866177876791, 9.129886627197266, 8.552088737487793, 8.212920506795248, 8.081480979919434, 8.048443158467611, 8.017744064331055, 7.996945222218831, 7.957051595052083, 7.935701370239258, 7.978564421335856, 7.927805741628011, 7.934067885080974, 7.954098542531331, 7.920766512552897, 7.876566092173259, 7.869402726491292, 7.861899534861247, 7.908758322397868, 7.856130441029866, 7.849838733673096, 7.864847342173259, 7.94392458597819, 7.959033648173015, 7.969448248545329, 7.967530091603597, 7.945127010345459]}