{"train losses": [21.546735954284667, 19.579256868362428, 17.90139420032501, 16.50353088378906, 14.7948157787323, 13.517664384841918, 12.520078182220459, 11.629938375949859, 11.217160701751709, 11.077486038208008, 10.819898247718811, 10.377713286876679, 9.94465663433075, 10.08319878578186, 9.908740139007568, 9.697782921791077, 9.732370185852051, 9.328735303878783, 9.651614046096801, 9.175565266609192, 9.459057819843292, 9.08837718963623, 8.885900688171386, 8.719464683532715, 8.470756101608277, 8.582385063171387, 8.001792681217193, 8.404980945587159, 8.329145359992982, 8.315823698043824], "valid losses": [14.123148600260416, 13.013054211934408, 11.991069157918295, 11.06802479426066, 10.202574888865152, 9.51948881149292, 9.094731171925863, 8.936925570170084, 8.939776261647543, 8.79122225443522, 8.632614930470785, 8.524041652679443, 8.530735810597738, 8.469109217325846, 8.41316525141398, 8.381198565165201, 8.45618486404419, 8.397431373596191, 8.325295130411783, 8.370735009511312, 8.351006984710693, 8.410466512044271, 8.383776982625326, 8.362886269887289, 8.447911739349365, 8.310490926106771, 8.281819820404053, 8.321240266164144, 8.332010904947916, 8.243452866872152]}