{"train losses": [19.599630689620973, 17.51123504638672, 15.912326693534851, 14.547969388961793, 13.776789283752441, 12.969831943511963, 12.415949630737305, 12.109282493591309, 11.739692759513854, 11.891525959968567, 11.80530014038086, 11.763598036766052, 11.592320871353149, 11.481796503067017, 11.497745609283447, 11.606241154670716, 11.371431446075439, 11.580164885520935, 11.59594931602478, 11.655349493026733, 11.617852973937989, 11.613712906837463, 11.546966481208802, 11.527454328536987, 11.63828694820404, 11.45580759048462, 11.771781516075134, 11.775677180290222, 11.482391786575317, 11.214433550834656], "valid losses": [13.32707691192627, 11.828237215677897, 10.650290171305338, 9.775427977244059, 9.15658950805664, 8.749528725941977, 8.499393781026205, 8.357177734375, 8.28657054901123, 8.258127689361572, 8.252391974131266, 8.255062580108643, 8.259084860483805, 8.2588898340861, 8.252898216247559, 8.244126637776693, 8.235722223917643, 8.224692503611246, 8.214570999145508, 8.202550570170084, 8.191961765289307, 8.175390243530273, 8.163259824117025, 8.151333491007486, 8.141392866770426, 8.134572505950928, 8.121379852294922, 8.11151154836019, 8.100430488586426, 8.088500340779623]}