{"train losses": [21.386113739013673, 19.540884685516357, 18.113543939590453, 16.957748317718504, 15.775587272644042, 15.270694208145141, 14.831934499740601, 14.3762770652771, 14.061387920379639, 13.837872910499573, 13.829887843132019, 13.599168539047241, 13.520665740966797, 13.45660924911499, 13.553498458862304, 13.178883719444276, 13.51344895362854, 13.556579947471619, 13.585747814178466, 13.424656677246094, 13.313130187988282, 13.595854568481446, 13.445193862915039, 13.423067879676818, 13.106494379043578, 13.373146176338196, 13.636568355560303, 13.110670399665832, 13.197012424468994, 13.475422191619874], "valid losses": [14.459080696105957, 13.174928665161133, 12.153387546539307, 11.370959122975668, 10.791074434916178, 10.377503712972006, 10.081754525502523, 9.874562422434488, 9.730977217356363, 9.630505243937174, 9.558178742726644, 9.503329277038574, 9.459406852722168, 9.422480742136637, 9.39182742436727, 9.36305538813273, 9.333396752675375, 9.3046981493632, 9.28454033533732, 9.261906941731771, 9.239177703857422, 9.210692882537842, 9.188387235005697, 9.16592295964559, 9.14609670639038, 9.126549084981283, 9.108167012532553, 9.090880552927652, 9.0774777730306, 9.06215206782023]}