{"train losses": [21.117710399627686, 19.187816047668456, 17.713533020019533, 16.17532374858856, 14.663995885849, 13.34501667022705, 12.25062346458435, 11.52200539112091, 10.78272876739502, 10.447739386558533, 10.334173727035523, 10.086019277572632, 9.86736512184143, 9.86559591293335, 9.527439725399017, 9.697051954269408, 9.348200273513793, 9.101292884349823, 8.982824850082398, 8.890887117385864, 8.813039088249207, 8.494242811203003, 8.413293421268463, 8.097024607658387, 8.333034181594849, 7.67188024520874, 7.84460940361023, 8.05319985151291, 7.677898013591767, 7.549665939807892], "valid losses": [14.216478983561197, 13.06276003519694, 12.052247842152914, 11.136984507242838, 10.292303085327148, 9.618364334106445, 9.185322602589926, 8.936162948608398, 8.881870905558268, 8.86922518412272, 8.848785241444906, 8.755793253580729, 8.678251266479492, 8.637937386830648, 8.664892673492432, 8.654735247294107, 8.601922353108725, 8.560235023498535, 8.57952086130778, 8.60108200709025, 8.675556500752768, 8.639071464538574, 8.603726069132486, 8.630998134613037, 8.713187535603842, 8.578222115834555, 8.555951118469238, 8.545308113098145, 8.596676667531332, 8.540542284647623]}