{"train losses": [16.877831649780273, 14.675314712524415, 12.741197109222412, 11.10887587070465, 9.664376401901245, 8.764927530288697, 8.257527422904968, 8.11556397676468, 7.824041748046875, 7.674941277503967, 7.528792524337769, 7.411666655540467, 7.082455158233643, 7.143697762489319, 6.980458331108093, 7.074157631397247, 6.901260542869568, 6.667950201034546, 6.450034248828888, 6.407910680770874, 6.315627753734589, 6.0892022252082825, 5.9558745384216305, 5.965318179130554, 6.058143377304077, 5.805090141296387, 5.897817528247833, 5.559640669822693, 5.583673214912414, 5.551035308837891], "valid losses": [11.042180379231771, 9.677939414978027, 8.415554682413736, 7.375579198201497, 6.651186625162761, 6.362863699595134, 6.291899522145589, 6.168731451034546, 6.029387315114339, 5.920381863911946, 5.844164530436198, 5.811440547307332, 5.742460250854492, 5.737345218658447, 5.756231466929118, 5.702615896860759, 5.768418312072754, 5.5798031489054365, 5.582347869873047, 5.642855644226074, 5.566670576731364, 5.504666090011597, 5.48742135365804, 5.486926396687825, 5.507260322570801, 5.487833817799886, 5.546602169672648, 5.58004109064738, 5.542296409606934, 5.5015575885772705]}