{"train losses": [20.765339851379395, 18.333808612823486, 16.163337755203248, 14.609645676612853, 13.53517837524414, 12.094327259063721, 11.402709197998046, 10.673017764091492, 10.379706525802613, 10.022723770141601, 9.927900099754334, 9.740855145454407, 9.572050952911377, 9.378270959854126, 9.512229466438294, 9.410487627983093, 9.331069135665894, 9.06483199596405, 8.657754588127137, 8.920694875717164, 8.493214416503907, 8.2797297000885, 8.157886052131653, 8.223467493057251, 7.994337940216065, 8.08743143081665, 8.106957268714904, 7.595387363433838, 7.488149738311767, 7.53747341632843], "valid losses": [13.273822148640951, 11.876426696777344, 10.76341183980306, 9.78739309310913, 8.97149689992269, 8.364460627237955, 8.034477233886719, 7.929341157277425, 7.901517232259114, 7.854287147521973, 7.81437349319458, 7.779762903849284, 7.7513682047526045, 7.699288845062256, 7.624260902404785, 7.520859400431315, 7.565728823343913, 7.574443181355794, 7.557775656382243, 7.552866141001384, 7.621115366617839, 7.507116953531901, 7.442069848378499, 7.41945219039917, 7.447466532389323, 7.423258940378825, 7.445122877756755, 7.478307247161865, 7.44152847925822, 7.528879642486572]}