{"train losses": [21.146656274795532, 19.150622415542603, 17.682633900642394, 16.164042520523072, 14.678157901763916, 13.24687352180481, 12.307756567001343, 11.411631536483764, 10.659053993225097, 10.451723074913025, 10.148738193511964, 10.145052576065064, 9.797933721542359, 9.736724376678467, 9.590980696678162, 9.620161056518555, 9.363118028640747, 9.343407011032104, 9.006240963935852, 9.13720874786377, 8.943175983428954, 8.509718370437621, 8.353622937202454, 8.396742963790894, 8.227135825157166, 7.973010683059693, 7.908223271369934, 7.757475066184997, 7.636234486103058, 7.464430022239685], "valid losses": [14.219926834106445, 13.06070359547933, 12.03368854522705, 11.079800128936768, 10.224414189656576, 9.561012903849283, 9.18417231241862, 8.96985117594401, 8.92641274134318, 8.874475320180258, 8.846557776133219, 8.795448939005533, 8.70766798655192, 8.695432980855307, 8.686671574910482, 8.65786107381185, 8.667415777842203, 8.603609402974447, 8.515846411387125, 8.587862650553385, 8.620962937672934, 8.55766757329305, 8.542813142140707, 8.588910102844238, 8.749372482299805, 8.683826923370361, 8.516960620880127, 8.530839284261068, 8.543898900349935, 8.485517660776773]}