{"train losses": [15.469604778289796, 12.257937860488891, 10.006611633300782, 8.626323318481445, 7.639100551605225, 7.261025381088257, 6.79803079366684, 6.639451718330383, 6.4474702835083, 6.358479523658753, 6.174325239658356, 6.5394824028015135, 5.962862575054169, 5.892628741264343, 5.898635625839233, 5.896180415153504, 5.712944412231446, 5.733717441558838, 5.523438239097596, 5.355156254768372, 5.383615779876709, 5.4892175674438475, 5.551096057891845, 5.336062669754028, 5.267523318529129, 5.2471169352531435, 5.1522615313529965, 4.972376012802124, 4.743036913871765, 4.972947287559509], "valid losses": [10.071523348490397, 8.140710512797037, 6.919028917948405, 6.191152334213257, 5.769296487172444, 5.539530277252197, 5.404492219289144, 5.285820325215657, 5.215474526087443, 5.148780504862468, 5.085905075073242, 5.0642454624176025, 5.023872296015422, 4.978633403778076, 4.953898191452026, 4.938051223754883, 4.882224718729655, 4.875765164693196, 4.842727422714233, 4.833144903182983, 4.821726640065511, 4.827018578847249, 4.805991729100545, 4.803284247716268, 4.802035649617513, 4.8193511962890625, 4.7727311452229815, 4.759241024653117, 4.727782408396403, 4.772899389266968]}