{"train losses": [22.428585720062255, 21.23809394836426, 20.222317123413085, 19.509414291381837, 18.59279861450195, 17.729268550872803, 17.452623081207275, 16.87264461517334, 16.346792888641357, 16.019177961349488, 15.676467227935792, 15.520923590660095, 15.223852252960205, 15.010263633728027, 15.06003270149231, 14.748830127716065, 14.846139192581177, 14.797996664047242, 14.347930669784546, 14.46449100971222, 14.37726879119873, 14.451440954208374, 14.488290524482727, 14.221660137176514, 14.182469367980957, 14.370550036430359, 14.081714010238647, 14.237982702255248, 14.227240419387817, 14.18230152130127], "valid losses": [14.96168327331543, 14.112941106160482, 13.375024795532227, 12.719694137573242, 12.156063715616861, 11.666036287943522, 11.251087506612143, 10.898752212524414, 10.593985875447592, 10.341076374053955, 10.131831963857016, 9.949788093566895, 9.795927206675211, 9.663125991821289, 9.5510147412618, 9.453569730122885, 9.367586930592855, 9.293729305267334, 9.22734800974528, 9.169966697692871, 9.121822039286295, 9.077434221903482, 9.036699612935385, 8.999187787373861, 8.967726866404215, 8.936359882354736, 8.912643273671469, 8.893191973368326, 8.87458324432373, 8.859671751658121]}