{"train losses": [20.149055671691894, 18.85876817703247, 17.863767194747926, 16.683773493766786, 15.803730058670045, 14.781270837783813, 14.656408715248109, 13.857253193855286, 13.582078886032104, 13.392652797698975, 13.045729970932006, 12.890769481658936, 12.87536723613739, 12.830306148529052, 12.511194372177124, 12.43034405708313, 12.492516136169433, 12.915827465057372, 12.13577573299408, 12.64655306339264, 12.716655683517455, 12.795916199684143, 12.52580771446228, 12.672836017608642, 12.628954100608826, 12.530170154571532, 12.499396896362304, 12.610249328613282, 12.511422300338745, 12.443254899978637], "valid losses": [13.942493756612143, 12.811845938364664, 11.855111757914225, 11.078634262084961, 10.460755348205566, 9.982893625895182, 9.618934790293375, 9.351937294006348, 9.165003458658854, 9.037118434906006, 8.95096492767334, 8.896901766459147, 8.867204984029135, 8.848947683970133, 8.834787050882975, 8.830124060312906, 8.826210498809814, 8.814672787984213, 8.805952707926432, 8.796157836914062, 8.780073642730713, 8.765817165374756, 8.752479553222656, 8.737126032511393, 8.72104263305664, 8.701700846354166, 8.68343194325765, 8.668528397878012, 8.652998765309652, 8.638854344685873]}