{"train losses": [17.955897855758668, 15.833406066894531, 14.083017587661743, 12.871130394935609, 11.92280068397522, 11.208447432518005, 10.658963823318482, 10.511785340309142, 10.183735895156861, 9.942104029655457, 10.124255514144897, 9.808302903175354, 9.814583921432495, 9.994102430343627, 9.992974877357483, 9.859340631961823, 9.771125674247742, 9.83946189880371, 9.891180849075317, 9.602060317993164, 9.792865085601807, 9.792934560775757, 9.88768446445465, 9.849502646923066, 9.913503050804138, 9.70919601917267, 9.8357093334198, 9.844805824756623, 9.64671585559845, 9.694577884674072], "valid losses": [12.23521614074707, 10.79020086924235, 9.655010223388672, 8.81009292602539, 8.194918791453043, 7.766610304514567, 7.477601687113444, 7.2836958567301435, 7.152788321177165, 7.058409690856934, 6.993156750996907, 6.945912520090739, 6.9057284990946455, 6.874290466308594, 6.8435648282368975, 6.818327109018962, 6.797717571258545, 6.780740420023601, 6.768386999766032, 6.754743417104085, 6.743143081665039, 6.728825728098552, 6.717830975850423, 6.711631615956624, 6.70668363571167, 6.701961676279704, 6.700298150380452, 6.695664564768474, 6.693082173665364, 6.686430931091309]}