{"train losses": [20.67901005744934, 18.114091300964354, 16.492963552474976, 14.637105798721313, 13.559587979316712, 12.337909507751466, 11.302992391586304, 10.832738780975342, 10.533793115615845, 10.299558687210084, 10.018410110473633, 9.809695219993591, 9.68633975982666, 9.509473323822021, 9.09905903339386, 9.063235688209534, 8.874879622459412, 8.959011769294738, 8.969452476501464, 8.754457783699035, 8.385074853897095, 8.175737190246583, 8.324654340744019, 8.8678719997406, 7.96338826417923, 8.01086778640747, 7.436919927597046, 7.647942888736725, 7.562175989151001, 7.456455588340759], "valid losses": [13.33660888671875, 11.874891916910807, 10.738928000132242, 9.794720808664957, 8.98474152882894, 8.35308869679769, 8.006340344746908, 7.93728240331014, 7.939669768015544, 7.81987206141154, 7.7131578127543134, 7.695675055185954, 7.67730712890625, 7.638288180033366, 7.571950276692708, 7.522510369618733, 7.53140131632487, 7.538402398427327, 7.524940013885498, 7.530556837717692, 7.545149167378743, 7.520262082417806, 7.522883415222168, 7.427481333414714, 7.458955605824788, 7.5355784098307295, 7.498436292012532, 7.412103176116943, 7.437307039896647, 7.401545365651448]}