{"train losses": [18.707742118835448, 16.920626831054687, 15.41368489265442, 13.883736062049866, 13.269528126716613, 12.61047396659851, 12.015670680999756, 11.706552124023437, 11.501776015758514, 11.336248230934142, 11.23784260749817, 11.07051124572754, 11.169406867027282, 11.197732782363891, 11.178430604934693, 11.16671688556671, 11.239121317863464, 11.105275082588197, 10.968149399757385, 11.022669529914856, 10.883879899978638, 11.0150808095932, 11.171965646743775, 10.918339800834655, 10.976214170455933, 10.966939735412598, 10.924435448646545, 11.024016427993775, 10.973908734321594, 10.971545362472535], "valid losses": [12.747414588928223, 11.325345357259115, 10.226950645446777, 9.420462608337402, 8.855076789855957, 8.475847244262695, 8.238588809967041, 8.087459405263266, 7.989972750345866, 7.917216936747233, 7.863229274749756, 7.811009248097737, 7.76589838663737, 7.721410274505615, 7.682877381642659, 7.648024876912435, 7.612901051839192, 7.583853403727214, 7.56037171681722, 7.5382005373636884, 7.517118771870931, 7.4995114008585615, 7.488887627919515, 7.475674629211426, 7.462968508402507, 7.457750956217448, 7.451631863911946, 7.444827874501546, 7.437101046244304, 7.431987285614014]}