{"train losses": [15.196890592575073, 12.669882011413574, 10.45978307723999, 9.205792462825775, 8.194874048233032, 7.345278072357178, 6.925139737129212, 6.70174525976181, 6.476076185703278, 6.333025622367859, 6.209322810173035, 6.2157930612564085, 6.039695739746094, 6.096487283706665, 5.869785261154175, 5.956139481067657, 5.711730861663819, 5.616373407840729, 5.700309431552887, 5.588750398159027, 5.641698122024536, 5.36580753326416, 5.4034745454788204, 5.428378891944885, 5.324036622047425, 5.3904098749160765, 5.4429344773292545, 5.1584954261779785, 5.135964560508728, 4.906335377693177], "valid losses": [9.91985527674357, 8.305758158365885, 7.162603696187337, 6.377869526545207, 5.892744382222493, 5.641391674677531, 5.519147157669067, 5.441565593083699, 5.394061247507731, 5.351253827412923, 5.306624015172322, 5.3126851717631025, 5.295965592066447, 5.253847440083821, 5.251363913218181, 5.2283713817596436, 5.217543443044026, 5.211528619130452, 5.198962052663167, 5.195020357767741, 5.190592447916667, 5.193283637364705, 5.1940271854400635, 5.146328449249268, 5.145076354344686, 5.193053642908732, 5.167741298675537, 5.178182601928711, 5.170670032501221, 5.151512781778972]}