{"train losses": [21.480100059509276, 19.394856262207032, 17.649039340019225, 16.070070338249206, 14.668519544601441, 13.216140794754029, 11.986151266098023, 11.272239220142364, 10.993127250671387, 10.80473370552063, 10.701358342170716, 10.22536381483078, 10.310523772239685, 10.06151897907257, 9.712611055374145, 9.76005470752716, 9.776744413375855, 9.360931372642517, 9.31828156709671, 9.370286118984222, 9.193582153320312, 8.971722412109376, 8.630591869354248, 8.696403646469117, 8.14718999862671, 8.797055053710938, 8.242888593673706, 8.355645179748535, 8.771121668815614, 7.989033603668213], "valid losses": [14.113796869913736, 13.018072446187338, 11.986323356628418, 11.072935104370117, 10.116962750752768, 9.453172047932943, 9.07483180363973, 8.857440630594889, 8.817444483439127, 8.709436257680258, 8.586835384368896, 8.546314398447672, 8.569658597310385, 8.526088078816732, 8.44230572382609, 8.415611108144125, 8.483766555786133, 8.426677385965982, 8.371471087137857, 8.448712666829428, 8.382134755452475, 8.378020922342936, 8.352742195129395, 8.353959083557129, 8.29757817586263, 8.302392482757568, 8.293653806050619, 8.364908218383789, 8.378257433573404, 8.197305997212728]}