{"train losses": [19.745845317840576, 18.419184350967406, 17.15555591583252, 16.33625907897949, 15.416374969482423, 14.62580361366272, 13.865647125244141, 13.494897651672364, 12.949820041656494, 12.71928448677063, 12.362579345703125, 12.178334379196167, 11.89047439098358, 11.750553345680236, 11.694583511352539, 11.564081954956055, 11.451807022094727, 11.446444368362426, 11.355773496627808, 11.413033699989318, 11.416290378570556, 11.253025913238526, 11.253503584861756, 11.21994845867157, 11.163387680053711, 11.210145020484925, 11.268253564834595, 11.209349274635315, 11.148620796203613, 11.154898738861084], "valid losses": [14.029199600219727, 13.064600308736166, 12.226754824320475, 11.504892508188883, 10.890664418538412, 10.368522644042969, 9.940945307413736, 9.583695729573568, 9.28772497177124, 9.044920285542807, 8.84356133143107, 8.684062639872232, 8.55319627126058, 8.448715845743815, 8.363125801086426, 8.299155235290527, 8.245272318522135, 8.196201006571451, 8.158485412597656, 8.129287083943685, 8.103046099344889, 8.081271171569824, 8.068557739257812, 8.056183338165283, 8.04482905069987, 8.030377864837646, 8.012836774190268, 7.999420007069905, 7.990779558817546, 7.973916212717692]}