{"train losses": [21.70440754890442, 20.168573522567748, 18.633463859558105, 17.42185595035553, 16.646709299087526, 15.85957317352295, 15.237251043319702, 14.79949460029602, 14.388567876815795, 14.177983975410461, 14.036805152893066, 13.884342575073243, 13.75772249698639, 13.81738600730896, 13.827771425247192, 13.464932441711426, 13.453023743629455, 13.705379962921143, 13.575874423980713, 13.614249801635742, 13.440947818756104, 13.454370594024658, 13.469738268852234, 13.52492356300354, 13.534922766685487, 13.507446575164796, 13.37775719165802, 13.682930183410644, 13.404505348205566, 13.449680519104003], "valid losses": [14.305936177571615, 12.98556105295817, 11.898005485534668, 11.030189514160156, 10.364156087239584, 9.865084807078043, 9.508359750111898, 9.255147139231363, 9.08486239115397, 8.975972970326742, 8.910361925760904, 8.869992733001709, 8.844065348307291, 8.830196221669516, 8.818828900655111, 8.811378637949625, 8.800294717152914, 8.788533846537272, 8.779049237569174, 8.772952715555826, 8.763812700907389, 8.753610610961914, 8.745177268981934, 8.73615550994873, 8.723820686340332, 8.717748483022055, 8.71022923787435, 8.703059514363607, 8.695908546447754, 8.691397031148275]}