{"train losses": [17.068867874145507, 15.163475847244262, 13.543849849700928, 12.179718351364135, 10.693254804611206, 9.555425572395325, 8.604094529151917, 7.897447967529297, 7.694089746475219, 7.220272254943848, 7.132375288009643, 7.134265720844269, 7.007101035118103, 6.98556752204895, 6.522593986988068, 6.552049851417541, 6.472572898864746, 6.345331287384033, 6.292760825157165, 6.281593370437622, 6.1655220031738285, 5.958211505413056, 5.811493563652038, 5.911137986183166, 6.155967354774475, 5.712060725688934, 5.690484595298767, 5.725989413261414, 5.621323597431183, 5.465984356403351], "valid losses": [11.818716843922934, 10.694286346435547, 9.685519218444824, 8.774771372477213, 7.816506067911784, 7.018705368041992, 6.479629993438721, 6.212167342503865, 6.133984486262004, 6.093843142191569, 6.055843035380046, 5.980065981547038, 5.8983988761901855, 5.880189259847005, 5.904173374176025, 5.859345595041911, 5.861295938491821, 5.881392002105713, 5.887155373891194, 5.913786172866821, 5.912289381027222, 5.948822816212972, 5.925922234853108, 6.041509469350179, 5.99176025390625, 5.987699667612712, 6.066056887308757, 6.053520838419597, 6.050825436909993, 6.187797864278157]}