{"train losses": [19.22974214553833, 16.296381664276122, 14.31320505142212, 12.44936716556549, 11.238100075721741, 10.396425795555114, 10.065311622619628, 9.851762652397156, 9.700707578659058, 9.17012288570404, 8.889074897766113, 8.95961573123932, 8.509698581695556, 8.741924285888672, 8.585509014129638, 8.263799703121185, 8.02500252723694, 7.971364068984985, 8.252751779556274, 7.911736059188843, 7.906253480911255, 7.80181655883789, 7.435761618614197, 7.481090092658997, 7.515233278274536, 7.2388537406921385, 6.978600406646729, 7.051621675491333, 6.839583444595337, 6.915933907032013], "valid losses": [12.675306955973307, 11.078766504923502, 9.939897537231445, 9.130489349365234, 8.516050497690836, 8.20008118947347, 8.10880963007609, 8.189064025878906, 8.055816650390625, 8.030566533406576, 8.044095993041992, 8.062376499176025, 8.012408256530762, 8.027324040730795, 8.012044747670492, 8.005493323008219, 8.062994321187338, 8.030225118001303, 7.79229195912679, 8.080250263214111, 7.8246644337972, 8.003391106923422, 8.100160439809164, 8.096602121988932, 8.0959792137146, 7.96656608581543, 7.7650520006815595, 8.036729017893473, 8.109391530354818, 8.137446721394857]}