{"train losses": [18.047601795196535, 16.98874216079712, 15.922040700912476, 14.991427659988403, 14.144294452667236, 13.452422618865967, 12.967912340164185, 12.455067873001099, 11.896759223937988, 11.7106427192688, 11.327360105514526, 11.202216243743896, 10.908607339859008, 10.752272510528565, 10.677586936950684, 10.712358283996583, 10.494534921646117, 10.42139675617218, 10.260632872581482, 10.151783227920532, 10.361167049407959, 10.232554626464843, 10.248497152328492, 10.057689380645751, 10.08786346912384, 10.018342399597168, 10.137456274032592, 10.100545930862427, 10.010241830348969, 9.948081386089324], "valid losses": [12.585883140563965, 11.556645393371582, 10.67178471883138, 9.917934576670328, 9.287437121073404, 8.76544682184855, 8.341935793558756, 7.993524551391602, 7.7221604983011884, 7.500286102294922, 7.321386814117432, 7.18234904607137, 7.073369185129802, 6.982789198557536, 6.908857822418213, 6.85267448425293, 6.804779529571533, 6.769002755482991, 6.73051651318868, 6.701448996861775, 6.6787184079488116, 6.656811237335205, 6.635784943898519, 6.619828462600708, 6.605727672576904, 6.596212704976399, 6.587956428527832, 6.580875873565674, 6.569157441457112, 6.558718999226888]}