{"train losses": [20.733357667922974, 17.892737483978273, 15.643432188034058, 14.22686197757721, 12.832048869132995, 11.835049939155578, 11.08027400970459, 10.78225131034851, 10.401659488677979, 10.086664986610412, 9.843799829483032, 9.63779981136322, 9.377403068542481, 9.170076274871827, 9.404714822769165, 9.041586804389954, 8.950712394714355, 9.190547776222228, 8.604394054412841, 8.321521496772766, 8.12635440826416, 8.233383786678313, 8.155394792556763, 7.880217409133911, 7.7840173721313475, 7.916931557655334, 7.772202754020691, 7.6071878433227536, 7.405430507659912, 7.1797096729278564], "valid losses": [13.478713035583496, 12.01961580912272, 10.907227198282877, 10.05038070678711, 9.384303410847982, 8.963777860005697, 8.745445251464844, 8.671430905659994, 8.609293142954508, 8.575843334197998, 8.558383464813232, 8.575090090433756, 8.504225095113119, 8.468816439310709, 8.45203717549642, 8.440108935038248, 8.395776271820068, 8.402789115905762, 8.528230667114258, 8.464977582295736, 8.461703459421793, 8.398985068003336, 8.418599923451742, 8.438922246297201, 8.418010393778482, 8.518726666768393, 8.434603373209635, 8.362711588541666, 8.467123031616211, 8.481244564056396]}