{"train losses": [16.628538513183592, 14.00139274597168, 12.037588310241699, 10.437001204490661, 9.313748264312744, 8.40218186378479, 7.7303835391998295, 7.667102038860321, 7.431837904453277, 7.5028211116790775, 7.159429597854614, 7.251241016387939, 7.065192413330078, 6.788200807571411, 6.819336330890655, 6.559947848320007, 6.722384071350097, 6.522151362895966, 6.358415508270264, 6.175075674057007, 6.0885838031768795, 6.030123519897461, 5.812657213211059, 5.770059585571289, 6.088834702968597, 5.876996231079102, 5.974949252605438, 5.690009272098541, 5.619544935226441, 5.339760744571686], "valid losses": [11.003226121266684, 9.469704627990723, 8.369345664978027, 7.549741427103679, 6.989022572835286, 6.637433846791585, 6.450710614522298, 6.470733642578125, 6.413162549336751, 6.363104502360026, 6.407401084899902, 6.4798515637715655, 6.36474084854126, 6.320274194081624, 6.3827236493428545, 6.529616196950276, 6.433258692423503, 6.428471565246582, 6.360139687856038, 6.29447078704834, 6.353598753611247, 6.427855650583903, 6.318004449208577, 6.329856077829997, 6.4498054186503095, 6.398982206980388, 6.20437749226888, 6.291532198588054, 6.340270042419434, 6.289381821950276]}