{"train losses": [21.554307413101196, 20.32255630493164, 19.422127532958985, 18.441319370269774, 17.51445064544678, 16.88827714920044, 16.349669408798217, 15.89374361038208, 15.308790636062621, 15.123857021331787, 14.651080703735351, 14.462286520004273, 14.145100784301757, 14.059634065628051, 14.000415015220643, 13.852392148971557, 13.803199195861817, 13.627004599571228, 13.681656646728516, 13.556988191604614, 13.464746236801147, 13.457150959968567, 13.336275601387024, 13.423895645141602, 13.285271334648133, 13.428307151794433, 13.373628425598145, 13.469683694839478, 13.362611198425293, 13.47375431060791], "valid losses": [14.844808578491211, 13.865715980529785, 13.011089642842611, 12.274017333984375, 11.648809115091959, 11.129562377929688, 10.705864906311035, 10.360534826914469, 10.08645248413086, 9.870165506998697, 9.699282010396322, 9.56974490483602, 9.470882256825766, 9.39408508936564, 9.34102169672648, 9.306943575541178, 9.286100705464682, 9.27197551727295, 9.265211423238119, 9.260027726491293, 9.254425843556723, 9.253522078196207, 9.250239690144857, 9.2477658589681, 9.243239402770996, 9.24065605799357, 9.239861488342285, 9.236538887023926, 9.231677691141764, 9.224915504455566]}