{"train losses": [18.451328182220458, 15.601831364631654, 13.44798994064331, 11.495585608482362, 10.271676564216614, 9.634096813201904, 9.163429355621338, 8.88384997844696, 9.029764866828918, 8.432226574420929, 8.473541164398194, 8.105212831497193, 8.022003257274628, 8.22884442806244, 8.053004384040833, 7.764753961563111, 7.801598787307739, 7.4757691621780396, 7.431698274612427, 7.753569793701172, 7.206689310073853, 7.140988039970398, 7.1318083763122555, 7.369253206253052, 6.965564388036728, 6.923075485229492, 7.0282169580459595, 6.661481773853302, 6.596682405471801, 6.359540116786957], "valid losses": [11.711203893025717, 9.989818890889486, 8.744719823201498, 7.87037467956543, 7.318177700042725, 7.070113341013591, 6.971606095631917, 6.905017693837483, 6.796706835428874, 6.692899703979492, 6.666084289550781, 6.655926863352458, 6.575201352437337, 6.5472517013549805, 6.575469334920247, 6.5194932619730634, 6.507639726003011, 6.492429256439209, 6.497148354848226, 6.4729084968566895, 6.486192544301351, 6.482545852661133, 6.429318904876709, 6.327356338500977, 6.405702431996663, 6.498971621195476, 6.478192647298177, 6.465136686960856, 6.444776693979899, 6.5212734540303545]}