{"train losses": [16.230417251586914, 13.995229482650757, 12.204377484321594, 10.898963260650635, 9.95332350730896, 9.337564706802368, 8.903772044181824, 8.622570765018462, 8.388854622840881, 8.431381177902221, 8.080146551132202, 8.288811230659485, 8.163092005252839, 8.059596538543701, 8.005699300765992, 8.237938976287841, 8.094322204589844, 8.06486644744873, 8.13742482662201, 7.913404905796051, 8.09203314781189, 8.261599493026733, 8.168058443069459, 8.143380880355835, 8.124256110191345, 8.121734786033631, 8.197438287734986, 8.16326539516449, 7.9697791814804075, 8.104903554916381], "valid losses": [11.847764650980631, 10.185683568318685, 8.892715613047281, 7.940250078837077, 7.263696511586507, 6.809071063995361, 6.511730035146077, 6.321627378463745, 6.204979817072551, 6.1366552511851, 6.09282644589742, 6.069681326548259, 6.054749011993408, 6.049509366353353, 6.0479787190755205, 6.048258066177368, 6.049941539764404, 6.0534547964731855, 6.05741532643636, 6.060680627822876, 6.062304655710856, 6.063513517379761, 6.064357837041219, 6.066075483957927, 6.0691680908203125, 6.070743878682454, 6.069679578145345, 6.070681651433309, 6.072101434071858, 6.0727996826171875]}