{"train losses": [18.601769828796385, 16.530912017822267, 14.86697735786438, 13.521889066696167, 12.08605146408081, 10.850744557380676, 9.628707337379456, 9.238115096092224, 8.946692776679992, 8.74572491645813, 8.472879791259766, 8.235260677337646, 8.080825328826904, 8.173331475257873, 8.237853479385375, 8.091789865493775, 7.709855437278748, 7.993374133110047, 7.601103818416595, 7.7044389843940735, 7.514459729194641, 7.376362824440003, 7.0945370435714725, 7.0259297609329225, 7.324833631515503, 6.896374380588531, 7.073459017276764, 6.707799100875855, 6.622627878189087, 6.631887292861938], "valid losses": [12.461366017659506, 11.191538333892822, 10.140857696533203, 9.283414045969645, 8.557607332865397, 8.074155966440836, 7.850989023844401, 7.808538595835368, 7.8074930508931475, 7.664052486419678, 7.551318804423015, 7.493089993794759, 7.417776425679524, 7.330970923105876, 7.298373699188232, 7.220367431640625, 7.193003972371419, 7.187656879425049, 7.14185905456543, 7.096437772115071, 7.113104025522868, 7.135214964548747, 7.127817471822103, 7.108804543813069, 7.088226477305095, 7.050502300262451, 7.059548854827881, 7.058055877685547, 7.050398985544841, 7.042675018310547]}