{"train losses": [16.37839632034302, 15.451333284378052, 14.384157180786133, 13.480146265029907, 12.592274188995361, 11.938617849349976, 11.19474000930786, 10.75865421295166, 10.540210819244384, 9.9303875207901, 9.937211346626281, 9.43554527759552, 9.362935113906861, 9.136083459854126, 8.955416369438172, 8.93278112411499, 8.715674257278442, 8.849428796768189, 8.727707719802856, 8.687926125526428, 8.699828100204467, 8.437237739562988, 8.627561604976654, 8.610424160957336, 8.463390243053436, 8.47682456970215, 8.650657606124877, 8.3375950217247, 8.479805672168732, 8.461596810817719], "valid losses": [11.659734884897867, 10.706758817036947, 9.871703147888184, 9.143471399943033, 8.521376927693685, 7.994932969411214, 7.5570987065633135, 7.192913850148519, 6.897641499837239, 6.6544467608133955, 6.4640123049418134, 6.316888809204102, 6.203246434529622, 6.110321839650472, 6.042296886444092, 5.990840752919515, 5.950814247131348, 5.922584851582845, 5.9014913241068525, 5.887220462163289, 5.879292964935303, 5.872600396474202, 5.867817242940267, 5.863873879114787, 5.8577446937561035, 5.852039257685344, 5.8487216631571455, 5.846469322840373, 5.843587080637614, 5.839923699696858]}