{"train losses": [17.544675064086913, 15.677788829803466, 14.029512214660645, 12.357751441001891, 10.766752243041992, 9.370133304595948, 8.620919060707092, 8.23759286403656, 7.869500350952149, 7.620353651046753, 7.247788310050964, 7.175369095802307, 7.285368776321411, 7.127605342864991, 6.771434104442596, 7.181547451019287, 6.644055771827698, 6.6171112060546875, 6.36374797821045, 6.295377469062805, 6.2476061344146725, 5.984821903705597, 6.1656687498092655, 6.11467707157135, 6.168632960319519, 5.870244145393372, 5.8210369348526, 5.82304368019104, 5.884897005558014, 5.705343556404114], "valid losses": [11.562442461649576, 10.27799924214681, 9.158722559611002, 8.156535148620605, 7.333807150522868, 6.807725588480632, 6.692285537719727, 6.61655330657959, 6.481595039367676, 6.3354118665059405, 6.2828954855601, 6.277987003326416, 6.22486670811971, 6.174412965774536, 6.165696461995442, 6.214644591013591, 6.160943826039632, 6.042523384094238, 6.012765407562256, 6.025563875834147, 6.054191430409749, 6.073502540588379, 5.929255247116089, 5.873642921447754, 5.8620123863220215, 5.848899602890015, 5.8664805094401045, 5.83241605758667, 5.91545565923055, 5.846458355585734]}