{"train losses": [17.285163974761964, 16.074868297576906, 15.144311308860779, 14.284525609016418, 13.487753057479859, 12.845992803573608, 12.19763379096985, 11.895468020439148, 11.38906683921814, 10.93299696445465, 10.734401059150695, 10.541700839996338, 10.3665846824646, 10.167561459541322, 10.112599611282349, 10.09509105682373, 9.860508966445924, 9.810964822769165, 9.631479978561401, 9.699306726455688, 9.734192764759063, 9.63763337135315, 9.61824655532837, 9.674329662322998, 9.615830326080323, 9.535350584983826, 9.624437475204468, 9.475616216659546, 9.481002902984619, 9.387083625793457], "valid losses": [11.871958414713541, 10.910819371541342, 10.07628345489502, 9.366888682047525, 8.770447413126627, 8.278494834899902, 7.867319107055664, 7.528567790985107, 7.257599830627441, 7.031360944112142, 6.845742384592692, 6.698115189870198, 6.578944047292073, 6.48119322458903, 6.3944198290507, 6.317000230153401, 6.257101217905681, 6.212256193161011, 6.170023600260417, 6.138787825902303, 6.108645121256511, 6.084642092386882, 6.063471794128418, 6.046335379282634, 6.030466556549072, 6.021091302235921, 6.010346333185832, 6.003030618031819, 5.997409184773763, 5.993546803792317]}