{"train losses": [16.386372137069703, 14.997152328491211, 13.858465719223023, 12.846581745147706, 12.186570835113525, 11.425773572921752, 10.742971754074096, 10.303453302383422, 9.780572748184204, 9.554596900939941, 9.298598718643188, 9.12686243057251, 8.923709321022034, 8.869489336013794, 8.742482304573059, 8.538106107711792, 8.653912687301636, 8.57372453212738, 8.460725212097168, 8.520864224433899, 8.426315546035767, 8.472222638130187, 8.440117514133453, 8.402688109874726, 8.418853712081908, 8.446375858783721, 8.328724145889282, 8.350313234329224, 8.331803822517395, 8.411208963394165], "valid losses": [11.602216720581055, 10.550751050313314, 9.651705423990885, 8.894761244455973, 8.271275838216146, 7.765982309977214, 7.3664506276448565, 7.05489985148112, 6.817720254262288, 6.641672611236572, 6.514658768971761, 6.426323572794597, 6.365263144175212, 6.324840784072876, 6.29955514272054, 6.28364634513855, 6.271661440531413, 6.26270325978597, 6.256415685017903, 6.248157183329265, 6.241852680842082, 6.226596037546794, 6.212902545928955, 6.199239333470662, 6.185733795166016, 6.165446122487386, 6.143797715504964, 6.121870994567871, 6.104118665059407, 6.084389368693034]}