{"train losses": [21.829288482666016, 20.862683534622192, 19.537570667266845, 18.718639516830443, 17.7352952003479, 16.964108443260194, 16.728276681900024, 16.13633463382721, 15.502861976623535, 15.183322715759278, 15.289377355575562, 14.937177801132203, 14.823356246948242, 14.408223605155944, 14.308723592758179, 14.256758069992065, 14.24108591079712, 14.323261594772339, 14.018763422966003, 13.990009069442749, 14.040084421634674, 13.694568610191345, 13.974968242645264, 13.788504076004028, 13.872088146209716, 13.764480495452881, 13.89776976108551, 13.787541723251342, 13.689705228805542, 13.6430992603302], "valid losses": [14.895424524943033, 14.040268580118815, 13.307928721110025, 12.69626522064209, 12.189854145050049, 11.773419380187988, 11.421881675720215, 11.12912400563558, 10.890278180440268, 10.693214734395346, 10.49744447072347, 10.338541030883789, 10.202752590179443, 10.075140953063965, 9.950534343719482, 9.855393568674723, 9.75551700592041, 9.65474526087443, 9.583054542541504, 9.517809867858887, 9.459195454915365, 9.401022911071777, 9.346460183461508, 9.297900199890137, 9.262423197428385, 9.220613479614258, 9.189369042714437, 9.160885175069174, 9.135862668355307, 9.113444805145264]}