{"train losses": [18.075588512420655, 15.990124082565307, 14.55272741317749, 12.903014636039734, 11.17750461101532, 9.879291820526124, 9.240827369689942, 8.95979826450348, 8.592999935150146, 8.416663408279419, 8.179232478141785, 7.943010938167572, 7.695161914825439, 7.614829635620117, 7.5349015355110165, 7.379491376876831, 7.380385017395019, 7.165131711959839, 6.984427142143249, 6.964528131484985, 6.983306360244751, 6.847440445423127, 6.804097676277161, 6.652999818325043, 6.313492929935455, 6.334869694709778, 6.284624147415161, 6.101042568683624, 6.186614537239075, 6.120610213279724], "valid losses": [12.04735008875529, 10.864157835642496, 9.773114522298178, 8.83789030710856, 8.135681788126627, 7.903871377309163, 7.605629603068034, 7.351274808247884, 7.245861371358235, 7.1828681627909345, 7.121384938557942, 7.060844262440999, 7.018276214599609, 6.960765520731608, 6.943763256072998, 6.88661527633667, 6.975099086761475, 6.94221289952596, 6.968984603881836, 7.0473432540893555, 7.035173734029134, 6.997003396352132, 7.088501930236816, 6.974015235900879, 7.013862768809001, 7.064758936564128, 7.06074587504069, 7.394769032796224, 7.109262943267822, 7.349768320719401]}