{"train losses": [15.98709135055542, 13.89104175567627, 12.121393489837647, 10.718577814102172, 9.337293648719788, 8.046821522712708, 7.111803150177002, 6.966145145893097, 6.671234083175659, 6.700040817260742, 6.254790592193603, 6.182567024230957, 6.254856514930725, 6.005746507644654, 5.77279886007309, 5.946111583709717, 5.771951127052307, 5.684186959266663, 5.642354846000671, 5.598921835422516, 5.517624258995056, 5.5284850835800174, 5.4105764627456665, 5.577791702747345, 5.496139597892761, 5.284072637557983, 5.196255600452423, 5.185362708568573, 5.352088451385498, 5.0247797727584835], "valid losses": [10.817625999450684, 9.469390869140625, 8.291598796844482, 7.263064543406169, 6.375509262084961, 5.861885865529378, 5.693028529485066, 5.614835103352864, 5.54150374730428, 5.45077109336853, 5.317882219950358, 5.2637302080790205, 5.261407693227132, 5.235183238983154, 5.2029463450113935, 5.139786243438721, 5.133279005686442, 5.086670716603597, 5.097210963567098, 5.036800066630046, 5.017438173294067, 5.070757071177165, 5.0244496663411455, 5.054222663243611, 4.9963756402333575, 5.043258587519328, 4.971232573191325, 5.060205062230428, 5.0408603350321455, 5.023833274841309]}