{"train losses": [19.087519264221193, 17.95093870162964, 16.89744644165039, 16.09886727333069, 15.21857967376709, 14.544615578651428, 13.964627432823182, 13.388686275482177, 12.939453029632569, 12.732059669494628, 12.270440006256104, 12.030291271209716, 11.872747898101807, 11.76693332195282, 11.625107574462891, 11.520796012878417, 11.527302885055542, 11.305924534797668, 11.280709052085877, 11.237228679656983, 11.288240146636962, 11.17314305305481, 11.190684700012207, 11.21834418773651, 11.135217428207397, 11.069124603271485, 11.105827975273133, 11.027885103225708, 11.17614574432373, 11.074306964874268], "valid losses": [13.513260841369629, 12.571635564168295, 11.743136405944824, 11.027546405792236, 10.414844671885172, 9.898720741271973, 9.466626485188803, 9.110695838928223, 8.824175675710043, 8.595545768737793, 8.412909348805746, 8.275793393452963, 8.175365130106607, 8.101034164428711, 8.049577236175537, 8.014394760131836, 7.993175506591797, 7.980308532714844, 7.974921862284343, 7.978082338968913, 7.979138374328613, 7.979207833607991, 7.9779432614644366, 7.979274749755859, 7.987024784088135, 7.990801811218262, 7.988366762797038, 7.984199206034343, 7.981253465016683, 7.974938710530599]}