{"train losses": [21.0459734916687, 19.208757209777833, 17.96022744178772, 16.746272230148314, 15.919453978538513, 15.131556272506714, 14.643235540390014, 14.334143877029419, 13.745333409309387, 13.542092609405518, 13.569156932830811, 13.073367714881897, 12.908545303344727, 13.120270729064941, 12.875286436080932, 13.051684665679932, 13.030175423622131, 13.149278783798218, 13.123069596290588, 12.906457495689391, 12.789399862289429, 13.019796466827392, 12.882039403915405, 12.92984037399292, 13.136987590789795, 12.849726438522339, 13.007715320587158, 12.786105871200562, 13.058255434036255, 12.690115880966186], "valid losses": [13.882761001586914, 12.54498259226481, 11.451886812845865, 10.577502886454264, 9.896942774454752, 9.373644669850668, 9.000332514444986, 8.736373742421469, 8.556165218353271, 8.4369748433431, 8.36143970489502, 8.318284034729004, 8.29651403427124, 8.288942654927572, 8.28415822982788, 8.279364426930746, 8.277580261230469, 8.275951385498047, 8.277040640513102, 8.272629578908285, 8.266845067342123, 8.260176658630371, 8.25643507639567, 8.250325202941895, 8.24531618754069, 8.24242639541626, 8.238579114278158, 8.234193801879883, 8.229622681935629, 8.224464893341064]}