{"train losses": [17.0621506690979, 15.04703061580658, 13.51034436225891, 12.401726484298706, 11.316459095478058, 10.709179258346557, 10.21164517402649, 9.837539029121398, 9.59771008491516, 9.422818422317505, 9.451573371887207, 9.339779019355774, 9.480937170982362, 9.232266187667847, 9.2210373878479, 9.160775971412658, 9.402880311012268, 9.240151810646058, 9.258793568611145, 9.354292297363282, 9.053087520599366, 9.154006600379944, 9.23393702507019, 9.120099878311157, 9.243698418140411, 9.18826642036438, 9.26628714799881, 9.281742048263549, 9.145236158370972, 9.116498136520386], "valid losses": [11.687233924865723, 10.298242568969727, 9.18436590830485, 8.32740036646525, 7.694260915120442, 7.242785453796387, 6.9377760887146, 6.735378424326579, 6.606457710266113, 6.526954809824626, 6.478219985961914, 6.446329752604167, 6.422948122024536, 6.404680013656616, 6.389741738637288, 6.375997225443522, 6.363330682118733, 6.349195639292399, 6.333437283833821, 6.320840040842692, 6.30416742960612, 6.28922684987386, 6.276897033055623, 6.265477101008098, 6.254717508951823, 6.246038516362508, 6.235044956207275, 6.227088610331218, 6.217015027999878, 6.20965592066447]}