{"train losses": [19.83869743347168, 17.749886417388915, 15.618307781219482, 14.323343849182129, 12.937954902648926, 11.674942445755004, 10.764867544174194, 10.21131635904312, 9.965894985198975, 9.6770756483078, 9.695778155326844, 9.417020273208617, 9.48452525138855, 9.153434371948242, 9.086975336074829, 9.088358879089355, 8.667895746231078, 8.840803527832032, 8.754966735839844, 8.58326597213745, 8.571105802059174, 8.326325988769531, 8.032563924789429, 8.463994550704957, 8.19816689491272, 7.750548732280731, 7.905153131484985, 7.731680703163147, 7.530303740501404, 7.908026719093323], "valid losses": [13.178309122721354, 11.796886444091797, 10.674394925435385, 9.761762460072836, 8.996636708577475, 8.48701524734497, 8.214491049448648, 8.105547110239664, 8.01077667872111, 7.93762747446696, 7.837694009145101, 7.765310128529866, 7.740386327107747, 7.734313488006592, 7.690540154774983, 7.663014729817708, 7.620173613230388, 7.611239751180013, 7.585435549418132, 7.555077870686849, 7.568278948465983, 7.548614501953125, 7.521443049112956, 7.538735389709473, 7.483086585998535, 7.482870260874431, 7.509598096211751, 7.505951563517253, 7.412890434265137, 7.457825183868408]}