{"train losses": [18.31862916946411, 15.516983675956727, 13.523164319992066, 11.510978651046752, 10.281360268592834, 9.596329259872437, 9.099810028076172, 8.780658888816834, 8.7287362575531, 8.510390424728394, 8.212705206871032, 8.407682085037232, 8.165542435646056, 8.222458219528198, 7.99933180809021, 7.762554073333741, 7.761258602142334, 7.6184682726860045, 7.691601181030274, 7.498612320423126, 7.305783212184906, 7.259273779392243, 7.180090701580047, 7.165794372558594, 6.8819111585617065, 6.831086230278015, 6.924109768867493, 6.849527585506439, 6.732969331741333, 6.700709867477417], "valid losses": [11.708216349283854, 10.016091028849283, 8.761789321899414, 7.86767594019572, 7.378461678822835, 7.186447461446126, 7.061499277750651, 6.954250017801921, 6.835904121398926, 6.755536079406738, 6.699737071990967, 6.636850039164226, 6.676954905192058, 6.580869356791179, 6.550693829854329, 6.5691579182942705, 6.561476866404216, 6.555079936981201, 6.515537261962891, 6.529130299886067, 6.5151340166727705, 6.505654970804851, 6.506608009338379, 6.49870236714681, 6.537722905476888, 6.582777976989746, 6.501982847849528, 6.537652810414632, 6.572576999664307, 6.644631385803223]}