{"train losses": [19.654654216766357, 17.843282842636107, 15.663371896743774, 14.459582591056824, 12.706789469718933, 11.287760353088379, 10.2837553024292, 9.848774433135986, 9.624207401275635, 9.370087099075317, 9.079054069519042, 8.987019610404968, 9.045161271095276, 8.723457467555999, 8.583163273334502, 8.454914712905884, 8.33692512512207, 8.272756624221802, 8.043842267990112, 8.01940051317215, 7.9500792741775514, 7.994460725784302, 7.590694689750672, 7.583775115013123, 7.547111463546753, 7.661217164993286, 7.482787275314331, 7.354014348983765, 7.398044919967651, 7.175419187545776], "valid losses": [13.625544548034668, 12.417073885599772, 11.315989176432291, 10.353457768758139, 9.446301619211832, 8.682013511657715, 8.310819149017334, 8.380226135253906, 8.31348959604899, 8.003538449605307, 8.049570719401041, 8.002301216125488, 8.086515426635742, 8.0894193649292, 7.987711270650228, 8.12370236714681, 8.199424743652344, 8.100478967030844, 8.353578885396322, 8.2509396870931, 8.129599412282309, 8.277488390604654, 8.145617802937826, 8.157748699188232, 8.199863274892172, 8.42507823308309, 8.492568651835123, 8.497027079264322, 8.258633613586426, 8.276310284932455]}