{"train losses": [18.49297857284546, 17.362521648406982, 16.378671956062316, 15.343828678131104, 14.625564479827881, 14.158931732177734, 13.254094505310059, 12.785394191741943, 12.39983115196228, 12.119130420684815, 11.718201637268066, 11.40282039642334, 11.430267953872681, 11.016908812522889, 11.1002867102623, 10.863704204559326, 10.768368244171143, 10.710498690605164, 10.498758721351624, 10.475813388824463, 10.363582253456116, 10.264057755470276, 10.531792211532593, 10.24024224281311, 10.300755751132964, 10.18766417503357, 10.444141006469726, 10.291870307922363, 10.283984613418578, 10.31733238697052], "valid losses": [12.66909917195638, 11.707042694091797, 10.855360666910807, 10.114882469177246, 9.480488141377768, 8.938630104064941, 8.484207471211752, 8.105687300364176, 7.798523902893066, 7.548229853312175, 7.347528457641602, 7.188825766245524, 7.0662282307942705, 6.971077760060628, 6.897688229878743, 6.8437550862630205, 6.802910804748535, 6.77335262298584, 6.752714157104492, 6.737751563390096, 6.726940313975017, 6.720695575078328, 6.71752667427063, 6.716879685719808, 6.717488845189412, 6.716099659601848, 6.7160325050354, 6.7154624462127686, 6.713226874669393, 6.710441907246907]}