{"train losses": [22.207347440719605, 20.07789812088013, 18.26284646987915, 16.8658567905426, 15.180386638641357, 13.672542834281922, 12.29306116104126, 11.840330100059509, 11.425663614273072, 10.80226833820343, 10.80342059135437, 10.661187720298766, 10.352439427375794, 9.902086186408997, 9.984031510353088, 10.072028160095215, 9.759830093383789, 9.740408635139465, 9.826623010635377, 9.645297682285308, 9.662444400787354, 9.286023926734924, 9.020094919204713, 8.927946591377259, 8.850258350372314, 8.68029626607895, 8.990464782714843, 8.668086385726928, 8.905619525909424, 8.588543796539307], "valid losses": [14.555895805358887, 13.350618362426758, 12.22965383529663, 11.223525683085123, 10.271873474121094, 9.552438100179037, 9.144625981648764, 9.024919986724854, 8.902259031931559, 8.807198206583658, 8.782034873962402, 8.624605973561605, 8.606214682261148, 8.562001546223959, 8.544306119283041, 8.440022468566895, 8.402487913767496, 8.387115478515625, 8.397266070048014, 8.387794812520346, 8.41605027516683, 8.420468012491861, 8.281383196512857, 8.33604367574056, 8.355708440144857, 8.239715576171875, 8.352486292521158, 8.537611961364746, 8.36630121866862, 8.260879834493002]}