{"train losses": [15.832467603683472, 14.08279800415039, 12.137537384033203, 10.472327375411988, 9.014622616767884, 7.720752620697022, 7.255048453807831, 6.9538788318634035, 6.641832756996155, 6.55952136516571, 6.4999349355697635, 6.231120443344116, 6.133332037925721, 6.37681725025177, 6.012773823738098, 6.008949112892151, 5.625657773017883, 5.562996125221252, 5.339318370819091, 5.401656460762024, 5.320499062538147, 5.174984240531922, 5.015150618553162, 5.011395561695099, 4.938343334197998, 5.039428448677063, 4.963287770748138, 4.789436197280883, 4.768478465080261, 4.752267789840698], "valid losses": [10.626991113026937, 9.26409387588501, 8.117313067118326, 7.1501851081848145, 6.394478003184001, 5.996279875437419, 5.889625787734985, 5.80151907602946, 5.705961545308431, 5.5862241586049395, 5.511078755060832, 5.465714931488037, 5.374744812647502, 5.367021719614665, 5.309218565622966, 5.256528377532959, 5.266773541768392, 5.26173210144043, 5.2907906373341875, 5.217521985371907, 5.184192816416423, 5.241160710652669, 5.232237974802653, 5.258628765741984, 5.199816703796387, 5.257239103317261, 5.190613667170207, 5.2487686475118, 5.127396663029988, 5.178696393966675]}