{"train losses": [16.231130361557007, 13.41440725326538, 11.199618697166443, 9.73754243850708, 8.692672622203826, 7.990491557121277, 7.539778828620911, 7.311752045154572, 6.993696117401123, 6.9226560354232785, 6.908563935756684, 6.802424621582031, 6.611866760253906, 6.460573339462281, 6.219236135482788, 6.346969580650329, 6.286334431171417, 6.27585084438324, 5.996506977081299, 5.769214999675751, 5.625220060348511, 5.784871029853821, 5.597568082809448, 5.560724318027496, 5.536727273464203, 5.357127952575683, 5.372714972496032, 5.421477127075195, 5.046467673778534, 5.1736547470092775], "valid losses": [10.566784063975016, 8.76172955830892, 7.5456234614054365, 6.784664154052734, 6.3058005174001055, 6.0755508740743, 5.984865188598633, 5.970784346262614, 5.930248022079468, 5.874186356862386, 5.813889026641846, 5.815235058466594, 5.7568009694417315, 5.729853232701619, 5.719176133473714, 5.745146115620931, 5.711294492085774, 5.735604763031006, 5.7276930809021, 5.732639153798421, 5.750861565272014, 5.789557298024495, 5.796141942342122, 5.811116854349772, 5.9125417073567705, 5.950286070505778, 5.944030284881592, 5.987636248270671, 5.96433154741923, 5.910070498784383]}