{"train losses": [15.28944091796875, 13.514373731613158, 11.708534288406373, 10.33608365058899, 9.047252130508422, 7.954145908355713, 7.006840121746063, 6.581370747089386, 6.405866408348084, 6.314488863945007, 6.154542231559754, 6.295826959609985, 6.110129618644715, 5.923094892501831, 5.858896517753601, 5.818781304359436, 5.6585722208023075, 5.637536263465881, 5.794515156745911, 5.592337489128113, 5.606106781959534, 5.305659508705139, 5.296198058128357, 5.157855439186096, 5.2546562314033505, 4.974963450431824, 4.77547961473465, 4.839495992660522, 4.869989967346191, 4.758643984794617], "valid losses": [10.398024876912435, 9.132940292358398, 8.016619682312012, 7.011228243509929, 6.169708887736003, 5.573834578196208, 5.25373649597168, 5.2042867342631025, 5.207510312398274, 5.16135835647583, 5.133059740066528, 5.087289015452067, 5.08000651995341, 5.048470656077067, 5.033989270528157, 5.021579106648763, 5.011780738830566, 5.00292181968689, 5.021255652109782, 4.9968827565511065, 4.996177991231282, 5.0423041979471845, 4.996814568837483, 4.992265939712524, 5.036489327748616, 4.9869662920633955, 4.970022360483806, 5.034168243408203, 5.077266534169515, 5.070952971776326]}