{"train losses": [15.71385474205017, 14.13143949508667, 12.33466603755951, 11.272378063201904, 10.39374930858612, 9.743525838851928, 9.230931377410888, 8.555495500564575, 8.53566563129425, 8.302199411392213, 8.181192636489868, 8.008625769615174, 8.11233193874359, 8.116568326950073, 7.861190819740296, 8.039198160171509, 7.815801882743836, 7.665111970901489, 7.943362140655518, 7.880807232856751, 7.87120795249939, 7.8977237939834595, 7.731490421295166, 7.861756658554077, 7.867512047290802, 7.9522655487060545, 8.0032723903656, 7.818537950515747, 7.739986085891724, 7.989404773712158], "valid losses": [10.817672729492188, 9.49551773071289, 8.443209330240885, 7.625133832295735, 7.0133867263793945, 6.569422880808513, 6.255616823832194, 6.037221670150757, 5.891646544138591, 5.795212348302205, 5.730739275614421, 5.688184420267741, 5.6568603515625, 5.633209228515625, 5.611095587412517, 5.589601755142212, 5.570596853892009, 5.55155595143636, 5.536251942316691, 5.521328449249268, 5.504361629486084, 5.489431222279866, 5.481340964635213, 5.466479460398356, 5.455342054367065, 5.446300665537517, 5.42891263961792, 5.415364185969035, 5.407742738723755, 5.400081157684326]}