{"train losses": [19.271853065490724, 17.14505033493042, 15.437680339813232, 13.971495103836059, 12.421463918685912, 11.052358913421632, 9.832756686210633, 9.344867146015167, 8.858796405792237, 8.550644445419312, 8.382129049301147, 8.38000042438507, 8.181126117706299, 8.013815975189209, 7.817500030994415, 7.990858173370361, 7.6137871742248535, 7.591975164413452, 7.427997875213623, 7.395747423171997, 7.289916586875916, 7.165731430053711, 6.944027161598205, 7.150818169116974, 7.275118637084961, 6.872141897678375, 6.8281485676765445, 6.7633402109146115, 6.962755405902863, 6.511738014221192], "valid losses": [12.955952644348145, 11.745740254720053, 10.770729382832846, 9.96924622853597, 9.25688648223877, 8.59113868077596, 8.164084116617838, 8.070393085479736, 8.000301837921143, 7.883857091267903, 7.9611256917317705, 7.76647933324178, 7.676909446716309, 7.595743974049886, 7.729817072550456, 7.722065607706706, 7.5578945477803545, 7.619950771331787, 7.78108549118042, 7.5523918469746905, 7.555777072906494, 7.607073942820231, 7.78240966796875, 7.664860248565674, 7.3877747853597, 7.506477038065593, 7.562840461730957, 7.714268048604329, 7.605790456136067, 7.511585871378581]}